Date,Version,Path,Views
2024-03-26 00:00:00,latest,/api/modules.html,1
2024-03-26 00:00:00,stable,/py-modindex.html,1
2024-03-26 00:00:00,stable,/index.html,28
2024-03-26 00:00:00,latest,/index.html,9
2024-03-26 00:00:00,stable,/changelog.html,6
2024-03-26 00:00:00,latest,/genindex.html,1
2024-03-26 00:00:00,stable,/api/ipykernel.inprocess.html,6
2024-03-26 00:00:00,stable,/api/ipykernel.comm.html,3
2024-03-26 00:00:00,stable,/genindex.html,5
2024-03-26 00:00:00,stable,/api/ipykernel.html,4
2024-03-26 00:00:00,stable,/api/modules.html,11
2024-03-26 00:00:00,stable,/search.html,2
2024-03-25 00:00:00,stable,/index.html,40
2024-03-25 00:00:00,latest,/changelog.html,2
2024-03-25 00:00:00,latest,/index.html,6
2024-03-25 00:00:00,latest,/genindex.html,1
2024-03-25 00:00:00,stable,/py-modindex.html,1
2024-03-25 00:00:00,stable,/genindex.html,3
2024-03-25 00:00:00,stable,/api/ipykernel.inprocess.html,2
2024-03-25 00:00:00,stable,/api/ipykernel.html,9
2024-03-25 00:00:00,stable,/api/modules.html,6
2024-03-25 00:00:00,latest,/api/modules.html,4
2024-03-25 00:00:00,stable,/search.html,2
2024-03-25 00:00:00,stable,/api/ipykernel.comm.html,2
2024-03-25 00:00:00,stable,/changelog.html,5
2024-03-25 00:00:00,latest,/api/ipykernel.html,2
2024-03-24 00:00:00,latest,/index.html,1
2024-03-24 00:00:00,stable,/api/ipykernel.html,6
2024-03-24 00:00:00,stable,/changelog.html,1
2024-03-24 00:00:00,latest,/changelog.html,2
2024-03-24 00:00:00,latest,/api/ipykernel.html,1
2024-03-24 00:00:00,stable,/api/modules.html,1
2024-03-24 00:00:00,stable,/index.html,10
2024-03-23 00:00:00,stable,/api/ipykernel.html,7
2024-03-23 00:00:00,stable,/changelog.html,1
2024-03-23 00:00:00,stable,/api/modules.html,2
2024-03-23 00:00:00,stable,/api/ipykernel.inprocess.html,1
2024-03-23 00:00:00,latest,/api/modules.html,1
2024-03-23 00:00:00,stable,/index.html,4
2024-03-23 00:00:00,latest,/index.html,2
2024-03-23 00:00:00,latest,/api/ipykernel.comm.html,1
2024-03-23 00:00:00,stable,/api/ipykernel.comm.html,2
2024-03-23 00:00:00,latest,/api/ipykernel.html,1
2024-03-23 00:00:00,latest,/changelog.html,1
2024-03-22 00:00:00,stable,/changelog.html,5
2024-03-22 00:00:00,latest,/changelog.html,1
2024-03-22 00:00:00,latest,/genindex.html,1
2024-03-22 00:00:00,latest,/index.html,4
2024-03-22 00:00:00,stable,/api/ipykernel.inprocess.html,1
2024-03-22 00:00:00,stable,/genindex.html,4
2024-03-22 00:00:00,stable,/api/modules.html,6
2024-03-22 00:00:00,latest,/search.html,1
2024-03-22 00:00:00,latest,/py-modindex.html,1
2024-03-22 00:00:00,stable,/api/ipykernel.html,6
2024-03-22 00:00:00,stable,/search.html,2
2024-03-22 00:00:00,stable,/index.html,24
2024-03-21 00:00:00,stable,/api/ipykernel.html,11
2024-03-21 00:00:00,latest,/genindex.html,1
2024-03-21 00:00:00,stable,/py-modindex.html,2
2024-03-21 00:00:00,stable,/api/ipykernel.comm.html,1
2024-03-21 00:00:00,stable,/search.html,3
2024-03-21 00:00:00,stable,/changelog.html,12
2024-03-21 00:00:00,latest,/api/ipykernel.html,6
2024-03-21 00:00:00,latest,/api/modules.html,5
2024-03-21 00:00:00,stable,/genindex.html,3
2024-03-21 00:00:00,latest,/search.html,5
2024-03-21 00:00:00,latest,/api/ipykernel.comm.html,1
2024-03-21 00:00:00,stable,/api/modules.html,8
2024-03-21 00:00:00,stable,/index.html,32
2024-03-21 00:00:00,latest,/changelog.html,5
2024-03-21 00:00:00,latest,/index.html,9
2024-03-20 00:00:00,latest,/api/ipykernel.html,1
2024-03-20 00:00:00,stable,/api/ipykernel.comm.html,3
2024-03-20 00:00:00,stable,/api/modules.html,7
2024-03-20 00:00:00,stable,/api/ipykernel.html,5
2024-03-20 00:00:00,stable,/index.html,33
2024-03-20 00:00:00,stable,/genindex.html,4
2024-03-20 00:00:00,stable,/api/ipykernel.inprocess.html,2
2024-03-20 00:00:00,latest,/changelog.html,1
2024-03-20 00:00:00,latest,/api/modules.html,1
2024-03-20 00:00:00,stable,/changelog.html,4
2024-03-20 00:00:00,latest,/index.html,4
2024-03-19 00:00:00,stable,/api/modules.html,3
2024-03-19 00:00:00,latest,/search.html,1
2024-03-19 00:00:00,latest,/api/ipykernel.html,2
2024-03-19 00:00:00,latest,/changelog.html,2
2024-03-19 00:00:00,stable,/index.html,19
2024-03-19 00:00:00,stable,/genindex.html,1
2024-03-19 00:00:00,latest,/api/modules.html,1
2024-03-19 00:00:00,stable,/py-modindex.html,1
2024-03-19 00:00:00,latest,/index.html,4
2024-03-19 00:00:00,stable,/api/ipykernel.html,5
2024-03-19 00:00:00,stable,/changelog.html,5
2024-03-18 00:00:00,stable,/changelog.html,4
2024-03-18 00:00:00,latest,/index.html,5
2024-03-18 00:00:00,latest,/api/ipykernel.html,2
2024-03-18 00:00:00,stable,/py-modindex.html,1
2024-03-18 00:00:00,stable,/api/modules.html,1
2024-03-18 00:00:00,stable,/api/ipykernel.inprocess.html,2
2024-03-18 00:00:00,latest,/genindex.html,1
2024-03-18 00:00:00,stable,/api/ipykernel.comm.html,2
2024-03-18 00:00:00,latest,/search.html,1
2024-03-18 00:00:00,stable,/genindex.html,2
2024-03-18 00:00:00,latest,/api/modules.html,2
2024-03-18 00:00:00,stable,/index.html,17
2024-03-17 00:00:00,stable,/index.html,8
2024-03-17 00:00:00,latest,/search.html,1
2024-03-17 00:00:00,stable,/py-modindex.html,1
2024-03-17 00:00:00,latest,/index.html,2
2024-03-17 00:00:00,stable,/genindex.html,1
2024-03-17 00:00:00,latest,/api/ipykernel.html,1
2024-03-17 00:00:00,latest,/changelog.html,2
2024-03-17 00:00:00,stable,/api/ipykernel.html,2
2024-03-16 00:00:00,stable,/api/ipykernel.html,2
2024-03-16 00:00:00,stable,/index.html,15
2024-03-16 00:00:00,stable,/changelog.html,2
2024-03-16 00:00:00,stable,/genindex.html,1
2024-03-16 00:00:00,latest,/search.html,1
2024-03-16 00:00:00,stable,/py-modindex.html,3
2024-03-16 00:00:00,latest,/index.html,2
2024-03-15 00:00:00,latest,/search.html,2
2024-03-15 00:00:00,stable,/api/ipykernel.comm.html,1
2024-03-15 00:00:00,latest,/index.html,3
2024-03-15 00:00:00,stable,/py-modindex.html,2
2024-03-15 00:00:00,stable,/api/modules.html,6
2024-03-15 00:00:00,latest,/changelog.html,1
2024-03-15 00:00:00,stable,/api/ipykernel.inprocess.html,1
2024-03-15 00:00:00,latest,/py-modindex.html,1
2024-03-15 00:00:00,stable,/api/ipykernel.html,7
2024-03-15 00:00:00,stable,/changelog.html,7
2024-03-15 00:00:00,stable,/index.html,19
2024-03-14 00:00:00,latest,/api/ipykernel.html,2
2024-03-14 00:00:00,stable,/changelog.html,6
2024-03-14 00:00:00,stable,/api/ipykernel.html,9
2024-03-14 00:00:00,latest,/search.html,1
2024-03-14 00:00:00,latest,/index.html,7
2024-03-14 00:00:00,stable,/api/ipykernel.inprocess.html,1
2024-03-14 00:00:00,stable,/genindex.html,4
2024-03-14 00:00:00,latest,/api/modules.html,1
2024-03-14 00:00:00,stable,/api/modules.html,3
2024-03-14 00:00:00,stable,/api/ipykernel.comm.html,3
2024-03-14 00:00:00,stable,/index.html,23
2024-03-13 00:00:00,stable,/index.html,14
2024-03-13 00:00:00,stable,/search.html,2
2024-03-13 00:00:00,stable,/changelog.html,6
2024-03-13 00:00:00,stable,/api/modules.html,5
2024-03-13 00:00:00,latest,/index.html,2
2024-03-13 00:00:00,stable,/api/ipykernel.inprocess.html,2
2024-03-13 00:00:00,stable,/py-modindex.html,3
2024-03-13 00:00:00,stable,/api/ipykernel.html,10
2024-03-12 00:00:00,latest,/api/modules.html,2
2024-03-12 00:00:00,stable,/genindex.html,2
2024-03-12 00:00:00,stable,/api/modules.html,8
2024-03-12 00:00:00,stable,/changelog.html,5
2024-03-12 00:00:00,latest,/api/ipykernel.html,2
2024-03-12 00:00:00,latest,/index.html,4
2024-03-12 00:00:00,stable,/py-modindex.html,1
2024-03-12 00:00:00,latest,/genindex.html,1
2024-03-12 00:00:00,stable,/api/ipykernel.html,14
2024-03-12 00:00:00,stable,/index.html,28
2024-03-11 00:00:00,latest,/py-modindex.html,1
2024-03-11 00:00:00,stable,/api/ipykernel.inprocess.html,1
2024-03-11 00:00:00,stable,/api/ipykernel.comm.html,1
2024-03-11 00:00:00,stable,/api/ipykernel.html,5
2024-03-11 00:00:00,stable,/genindex.html,1
2024-03-11 00:00:00,latest,/changelog.html,1
2024-03-11 00:00:00,stable,/changelog.html,10
2024-03-11 00:00:00,stable,/api/modules.html,3
2024-03-11 00:00:00,latest,/api/modules.html,1
2024-03-11 00:00:00,stable,/index.html,20
2024-03-11 00:00:00,stable,/py-modindex.html,1
2024-03-11 00:00:00,latest,/api/ipykernel.html,1
2024-03-11 00:00:00,latest,/index.html,4
2024-03-11 00:00:00,stable,/search.html,2
2024-03-10 00:00:00,latest,/index.html,1
2024-03-10 00:00:00,stable,/index.html,7
2024-03-10 00:00:00,stable,/changelog.html,1
2024-03-10 00:00:00,latest,/api/modules.html,1
2024-03-10 00:00:00,latest,/changelog.html,1
2024-03-10 00:00:00,stable,/api/ipykernel.html,1
2024-03-09 00:00:00,stable,/api/ipykernel.comm.html,2
2024-03-09 00:00:00,stable,/api/ipykernel.inprocess.html,2
2024-03-09 00:00:00,stable,/api/modules.html,5
2024-03-09 00:00:00,latest,/index.html,4
2024-03-09 00:00:00,latest,/api/ipykernel.html,4
2024-03-09 00:00:00,latest,/search.html,1
2024-03-09 00:00:00,stable,/api/ipykernel.html,7
2024-03-09 00:00:00,stable,/genindex.html,1
2024-03-09 00:00:00,stable,/changelog.html,4
2024-03-09 00:00:00,latest,/api/modules.html,1
2024-03-09 00:00:00,stable,/py-modindex.html,1
2024-03-09 00:00:00,stable,/index.html,17
2024-03-08 00:00:00,stable,/api/modules.html,2
2024-03-08 00:00:00,latest,/index.html,11
2024-03-08 00:00:00,latest,/changelog.html,2
2024-03-08 00:00:00,latest,/genindex.html,2
2024-03-08 00:00:00,stable,/index.html,17
2024-03-08 00:00:00,stable,/api/ipykernel.html,1
2024-03-08 00:00:00,latest,/search.html,1
2024-03-08 00:00:00,latest,/api/modules.html,3
2024-03-08 00:00:00,latest,/api/ipykernel.html,1
2024-03-08 00:00:00,stable,/changelog.html,8
2024-03-07 00:00:00,stable,/api/ipykernel.comm.html,1
2024-03-07 00:00:00,latest,/genindex.html,1
2024-03-07 00:00:00,latest,/changelog.html,2
2024-03-07 00:00:00,latest,/index.html,8
2024-03-07 00:00:00,stable,/changelog.html,15
2024-03-07 00:00:00,stable,/genindex.html,1
2024-03-07 00:00:00,stable,/api/ipykernel.html,5
2024-03-07 00:00:00,latest,/api/modules.html,2
2024-03-07 00:00:00,stable,/api/ipykernel.inprocess.html,1
2024-03-07 00:00:00,stable,/api/modules.html,4
2024-03-07 00:00:00,stable,/index.html,29
2024-03-06 00:00:00,latest,/changelog.html,2
2024-03-06 00:00:00,stable,/api/ipykernel.html,2
2024-03-06 00:00:00,stable,/py-modindex.html,2
2024-03-06 00:00:00,stable,/api/ipykernel.inprocess.html,2
2024-03-06 00:00:00,latest,/api/modules.html,1
2024-03-06 00:00:00,latest,/api/ipykernel.html,1
2024-03-06 00:00:00,latest,/genindex.html,2
2024-03-06 00:00:00,stable,/api/modules.html,3
2024-03-06 00:00:00,latest,/index.html,5
2024-03-06 00:00:00,stable,/genindex.html,1
2024-03-06 00:00:00,stable,/index.html,16
2024-03-06 00:00:00,latest,/api/ipykernel.inprocess.html,1
2024-03-06 00:00:00,stable,/changelog.html,1
2024-03-05 00:00:00,stable,/py-modindex.html,2
2024-03-05 00:00:00,stable,/api/ipykernel.html,3
2024-03-05 00:00:00,latest,/changelog.html,1
2024-03-05 00:00:00,stable,/api/modules.html,3
2024-03-05 00:00:00,stable,/genindex.html,3
2024-03-05 00:00:00,latest,/py-modindex.html,1
2024-03-05 00:00:00,latest,/api/ipykernel.comm.html,2
2024-03-05 00:00:00,stable,/index.html,26
2024-03-05 00:00:00,latest,/api/modules.html,1
2024-03-05 00:00:00,stable,/changelog.html,8
2024-03-05 00:00:00,latest,/api/ipykernel.html,2
2024-03-05 00:00:00,latest,/genindex.html,1
2024-03-05 00:00:00,latest,/index.html,9
2024-03-04 00:00:00,stable,/api/ipykernel.comm.html,1
2024-03-04 00:00:00,stable,/changelog.html,2
2024-03-04 00:00:00,latest,/index.html,4
2024-03-04 00:00:00,stable,/api/modules.html,5
2024-03-04 00:00:00,stable,/genindex.html,1
2024-03-04 00:00:00,latest,/changelog.html,1
2024-03-04 00:00:00,stable,/api/ipykernel.inprocess.html,1
2024-03-04 00:00:00,stable,/index.html,17
2024-03-04 00:00:00,stable,/api/ipykernel.html,11
2024-03-03 00:00:00,latest,/changelog.html,1
2024-03-03 00:00:00,stable,/py-modindex.html,1
2024-03-03 00:00:00,stable,/changelog.html,3
2024-03-03 00:00:00,latest,/api/ipykernel.html,1
2024-03-03 00:00:00,stable,/api/ipykernel.html,2
2024-03-03 00:00:00,stable,/api/modules.html,1
2024-03-03 00:00:00,latest,/index.html,2
2024-03-03 00:00:00,stable,/index.html,7
2024-03-02 00:00:00,stable,/changelog.html,2
2024-03-02 00:00:00,stable,/index.html,14
2024-03-02 00:00:00,latest,/index.html,3
2024-03-02 00:00:00,stable,/genindex.html,1
2024-03-02 00:00:00,stable,/search.html,1
2024-03-02 00:00:00,stable,/api/ipykernel.html,4
2024-03-01 00:00:00,latest,/index.html,5
2024-03-01 00:00:00,stable,/api/modules.html,1
2024-03-01 00:00:00,stable,/changelog.html,4
2024-03-01 00:00:00,stable,/index.html,13
2024-03-01 00:00:00,stable,/genindex.html,2
2024-03-01 00:00:00,stable,/api/ipykernel.html,5
2024-03-01 00:00:00,latest,/changelog.html,1
2024-02-29 00:00:00,stable,/api/ipykernel.inprocess.html,1
2024-02-29 00:00:00,stable,/api/ipykernel.html,8
2024-02-29 00:00:00,stable,/changelog.html,6
2024-02-29 00:00:00,latest,/search.html,1
2024-02-29 00:00:00,stable,/py-modindex.html,1
2024-02-29 00:00:00,latest,/index.html,7
2024-02-29 00:00:00,latest,/py-modindex.html,1
2024-02-29 00:00:00,stable,/api/modules.html,7
2024-02-29 00:00:00,latest,/api/ipykernel.html,2
2024-02-29 00:00:00,stable,/index.html,32
2024-02-29 00:00:00,stable,/search.html,1
2024-02-28 00:00:00,stable,/api/ipykernel.html,13
2024-02-28 00:00:00,stable,/py-modindex.html,2
2024-02-28 00:00:00,stable,/changelog.html,7
2024-02-28 00:00:00,latest,/index.html,6
2024-02-28 00:00:00,stable,/genindex.html,2
2024-02-28 00:00:00,stable,/api/ipykernel.inprocess.html,2
2024-02-28 00:00:00,stable,/index.html,30
2024-02-28 00:00:00,stable,/api/modules.html,7
2024-02-28 00:00:00,latest,/api/modules.html,2
2024-02-28 00:00:00,latest,/api/ipykernel.html,3
2024-02-28 00:00:00,stable,/api/ipykernel.comm.html,3
2024-02-27 00:00:00,stable,/api/ipykernel.html,13
2024-02-27 00:00:00,stable,/changelog.html,7
2024-02-27 00:00:00,stable,/py-modindex.html,4
2024-02-27 00:00:00,stable,/index.html,38
2024-02-27 00:00:00,latest,/api/ipykernel.inprocess.html,1
2024-02-27 00:00:00,stable,/api/ipykernel.comm.html,1
2024-02-27 00:00:00,latest,/api/ipykernel.html,8
2024-02-27 00:00:00,latest,/api/modules.html,4
2024-02-27 00:00:00,stable,/api/modules.html,6
2024-02-27 00:00:00,latest,/genindex.html,1
2024-02-27 00:00:00,stable,/genindex.html,3
2024-02-27 00:00:00,latest,/index.html,10
2024-02-27 00:00:00,latest,/changelog.html,2
2024-02-27 00:00:00,stable,/api/ipykernel.inprocess.html,1
2024-02-26 00:00:00,stable,/api/modules.html,3
2024-02-26 00:00:00,latest,/api/modules.html,2
2024-02-26 00:00:00,stable,/genindex.html,2
2024-02-26 00:00:00,stable,/py-modindex.html,1
2024-02-26 00:00:00,latest,/search.html,1
2024-02-26 00:00:00,latest,/index.html,3
2024-02-26 00:00:00,latest,/genindex.html,1
2024-02-26 00:00:00,stable,/changelog.html,7
2024-02-26 00:00:00,latest,/changelog.html,1
2024-02-26 00:00:00,stable,/api/ipykernel.html,6
2024-02-26 00:00:00,stable,/api/ipykernel.comm.html,1
2024-02-26 00:00:00,stable,/index.html,16
2024-02-26 00:00:00,stable,/search.html,4
2024-02-25 00:00:00,latest,/index.html,6
2024-02-25 00:00:00,latest,/search.html,1
2024-02-25 00:00:00,stable,/api/modules.html,1
2024-02-25 00:00:00,stable,/api/ipykernel.html,2
2024-02-25 00:00:00,latest,/changelog.html,1
2024-02-25 00:00:00,stable,/api/ipykernel.comm.html,1
2024-02-25 00:00:00,stable,/changelog.html,2
2024-02-25 00:00:00,latest,/api/modules.html,2
2024-02-25 00:00:00,stable,/index.html,11
2024-02-24 00:00:00,latest,/index.html,2
2024-02-24 00:00:00,stable,/api/ipykernel.html,3
2024-02-24 00:00:00,stable,/index.html,5
2024-02-24 00:00:00,latest,/changelog.html,2
2024-02-24 00:00:00,stable,/changelog.html,1
2024-02-23 00:00:00,latest,/genindex.html,1
2024-02-23 00:00:00,stable,/api/modules.html,1
2024-02-23 00:00:00,stable,/genindex.html,1
2024-02-23 00:00:00,stable,/api/ipykernel.comm.html,1
2024-02-23 00:00:00,latest,/api/ipykernel.html,1
2024-02-23 00:00:00,stable,/index.html,17
2024-02-23 00:00:00,latest,/index.html,3
2024-02-23 00:00:00,latest,/api/modules.html,1
2024-02-23 00:00:00,stable,/api/ipykernel.html,7
2024-02-23 00:00:00,stable,/api/ipykernel.inprocess.html,1
2024-02-23 00:00:00,stable,/changelog.html,2
2024-02-23 00:00:00,stable,/py-modindex.html,1
2024-02-22 00:00:00,stable,/py-modindex.html,1
2024-02-22 00:00:00,stable,/search.html,3
2024-02-22 00:00:00,stable,/api/ipykernel.inprocess.html,1
2024-02-22 00:00:00,stable,/api/ipykernel.html,16
2024-02-22 00:00:00,latest,/api/ipykernel.html,2
2024-02-22 00:00:00,latest,/index.html,6
2024-02-22 00:00:00,latest,/api/ipykernel.comm.html,1
2024-02-22 00:00:00,stable,/api/modules.html,3
2024-02-22 00:00:00,stable,/genindex.html,2
2024-02-22 00:00:00,stable,/index.html,14
2024-02-22 00:00:00,latest,/changelog.html,3
2024-02-22 00:00:00,stable,/api/ipykernel.comm.html,2
2024-02-22 00:00:00,stable,/changelog.html,3
2024-02-22 00:00:00,latest,/api/modules.html,4
2024-02-21 00:00:00,latest,/api/modules.html,2
2024-02-21 00:00:00,stable,/index.html,13
2024-02-21 00:00:00,latest,/index.html,5
2024-02-21 00:00:00,stable,/changelog.html,6
2024-02-21 00:00:00,stable,/py-modindex.html,2
2024-02-21 00:00:00,stable,/api/modules.html,2
2024-02-21 00:00:00,latest,/genindex.html,1
2024-02-21 00:00:00,latest,/api/ipykernel.html,3
2024-02-21 00:00:00,stable,/api/ipykernel.html,4
2024-02-20 00:00:00,stable,/genindex.html,3
2024-02-20 00:00:00,latest,/changelog.html,3
2024-02-20 00:00:00,stable,/api/ipykernel.html,5
2024-02-20 00:00:00,latest,/api/modules.html,3
2024-02-20 00:00:00,stable,/py-modindex.html,1
2024-02-20 00:00:00,latest,/api/ipykernel.html,4
2024-02-20 00:00:00,latest,/index.html,12
2024-02-20 00:00:00,stable,/changelog.html,5
2024-02-20 00:00:00,latest,/py-modindex.html,1
2024-02-20 00:00:00,stable,/api/modules.html,2
2024-02-20 00:00:00,stable,/index.html,17
2024-02-19 00:00:00,latest,/api/ipykernel.html,1
2024-02-19 00:00:00,stable,/changelog.html,2
2024-02-19 00:00:00,latest,/api/modules.html,2
2024-02-19 00:00:00,stable,/genindex.html,1
2024-02-19 00:00:00,stable,/api/ipykernel.html,1
2024-02-19 00:00:00,stable,/api/modules.html,1
2024-02-19 00:00:00,stable,/index.html,6
2024-02-19 00:00:00,latest,/index.html,3
2024-02-18 00:00:00,stable,/index.html,6
2024-02-18 00:00:00,latest,/api/ipykernel.html,2
2024-02-18 00:00:00,latest,/changelog.html,3
2024-02-18 00:00:00,latest,/api/ipykernel.inprocess.html,1
2024-02-18 00:00:00,stable,/changelog.html,4
2024-02-18 00:00:00,stable,/api/modules.html,2
2024-02-18 00:00:00,latest,/api/ipykernel.comm.html,3
2024-02-18 00:00:00,latest,/index.html,9
2024-02-18 00:00:00,latest,/py-modindex.html,1
2024-02-18 00:00:00,latest,/search.html,2
2024-02-18 00:00:00,stable,/api/ipykernel.html,1
2024-02-17 00:00:00,latest,/api/ipykernel.inprocess.html,1
2024-02-17 00:00:00,stable,/changelog.html,1
2024-02-17 00:00:00,latest,/index.html,2
2024-02-17 00:00:00,stable,/index.html,8
2024-02-17 00:00:00,stable,/api/modules.html,1
2024-02-17 00:00:00,latest,/api/modules.html,1
2024-02-17 00:00:00,latest,/api/ipykernel.html,2
2024-02-17 00:00:00,stable,/api/ipykernel.html,3
2024-02-17 00:00:00,latest,/genindex.html,1
2024-02-16 00:00:00,latest,/index.html,4
2024-02-16 00:00:00,stable,/genindex.html,1
2024-02-16 00:00:00,latest,/api/ipykernel.inprocess.html,1
2024-02-16 00:00:00,stable,/api/ipykernel.html,5
2024-02-16 00:00:00,stable,/changelog.html,1
2024-02-16 00:00:00,stable,/py-modindex.html,1
2024-02-16 00:00:00,latest,/api/ipykernel.comm.html,1
2024-02-16 00:00:00,stable,/api/modules.html,1
2024-02-16 00:00:00,stable,/index.html,9
2024-02-16 00:00:00,stable,/search.html,1
2024-02-16 00:00:00,latest,/changelog.html,2
2024-02-15 00:00:00,stable,/py-modindex.html,1
2024-02-15 00:00:00,latest,/changelog.html,2
2024-02-15 00:00:00,stable,/search.html,8
2024-02-15 00:00:00,stable,/changelog.html,2
2024-02-15 00:00:00,stable,/api/modules.html,3
2024-02-15 00:00:00,latest,/api/ipykernel.comm.html,3
2024-02-15 00:00:00,stable,/api/ipykernel.html,9
2024-02-15 00:00:00,latest,/index.html,6
2024-02-15 00:00:00,stable,/index.html,13
2024-02-15 00:00:00,stable,/genindex.html,3
2024-02-14 00:00:00,stable,/search.html,2
2024-02-14 00:00:00,stable,/api/modules.html,2
2024-02-14 00:00:00,latest,/api/ipykernel.comm.html,2
2024-02-14 00:00:00,stable,/changelog.html,3
2024-02-14 00:00:00,stable,/index.html,17
2024-02-14 00:00:00,latest,/index.html,10
2024-02-14 00:00:00,stable,/api/ipykernel.html,10
2024-02-14 00:00:00,latest,/api/modules.html,1
2024-02-14 00:00:00,latest,/genindex.html,2
2024-02-14 00:00:00,latest,/api/ipykernel.inprocess.html,1
2024-02-14 00:00:00,latest,/changelog.html,2
2024-02-13 00:00:00,stable,/api/modules.html,4
2024-02-13 00:00:00,latest,/index.html,5
2024-02-13 00:00:00,stable,/genindex.html,1
2024-02-13 00:00:00,stable,/api/ipykernel.html,3
2024-02-13 00:00:00,stable,/index.html,20
2024-02-12 00:00:00,stable,/api/modules.html,4
2024-02-12 00:00:00,latest,/changelog.html,1
2024-02-12 00:00:00,stable,/api/ipykernel.html,6
2024-02-12 00:00:00,stable,/index.html,5
2024-02-12 00:00:00,latest,/api/modules.html,2
2024-02-12 00:00:00,stable,/api/ipykernel.inprocess.html,1
2024-02-12 00:00:00,stable,/changelog.html,2
2024-02-12 00:00:00,latest,/api/ipykernel.html,2
2024-02-12 00:00:00,latest,/index.html,7
2024-02-12 00:00:00,stable,/api/ipykernel.comm.html,1
2024-02-12 00:00:00,latest,/py-modindex.html,1
2024-02-11 00:00:00,latest,/api/ipykernel.html,1
2024-02-11 00:00:00,latest,/index.html,5
2024-02-11 00:00:00,latest,/changelog.html,3
2024-02-11 00:00:00,stable,/api/ipykernel.html,3
2024-02-11 00:00:00,stable,/changelog.html,1
2024-02-11 00:00:00,latest,/api/modules.html,4
2024-02-11 00:00:00,stable,/api/ipykernel.inprocess.html,2
2024-02-11 00:00:00,stable,/index.html,5
2024-02-11 00:00:00,stable,/api/modules.html,1
2024-02-10 00:00:00,stable,/index.html,6
2024-02-10 00:00:00,latest,/changelog.html,1
2024-02-10 00:00:00,stable,/api/ipykernel.html,1
2024-02-10 00:00:00,latest,/index.html,3
2024-02-10 00:00:00,stable,/changelog.html,2
2024-02-10 00:00:00,latest,/api/ipykernel.inprocess.html,1
2024-02-09 00:00:00,latest,/changelog.html,1
2024-02-09 00:00:00,latest,/py-modindex.html,1
2024-02-09 00:00:00,stable,/genindex.html,1
2024-02-09 00:00:00,latest,/api/ipykernel.html,4
2024-02-09 00:00:00,stable,/changelog.html,3
2024-02-09 00:00:00,latest,/index.html,7
2024-02-09 00:00:00,stable,/api/ipykernel.html,3
2024-02-09 00:00:00,stable,/api/modules.html,6
2024-02-09 00:00:00,latest,/genindex.html,1
2024-02-09 00:00:00,stable,/index.html,19
2024-02-08 00:00:00,latest,/search.html,3
2024-02-08 00:00:00,latest,/py-modindex.html,1
2024-02-08 00:00:00,stable,/genindex.html,1
2024-02-08 00:00:00,stable,/changelog.html,3
2024-02-08 00:00:00,stable,/api/ipykernel.html,17
2024-02-08 00:00:00,latest,/index.html,7
2024-02-08 00:00:00,stable,/search.html,3
2024-02-08 00:00:00,latest,/api/modules.html,2
2024-02-08 00:00:00,stable,/api/ipykernel.comm.html,2
2024-02-08 00:00:00,stable,/api/ipykernel.inprocess.html,1
2024-02-08 00:00:00,latest,/api/ipykernel.comm.html,1
2024-02-08 00:00:00,stable,/api/modules.html,10
2024-02-08 00:00:00,latest,/changelog.html,5
2024-02-08 00:00:00,stable,/index.html,15
2024-02-08 00:00:00,latest,/genindex.html,3
2024-02-08 00:00:00,latest,/api/ipykernel.html,3
2024-02-07 00:00:00,latest,/genindex.html,3
2024-02-07 00:00:00,stable,/genindex.html,1
2024-02-07 00:00:00,stable,/api/modules.html,7
2024-02-07 00:00:00,latest,/changelog.html,2
2024-02-07 00:00:00,latest,/api/ipykernel.inprocess.html,1
2024-02-07 00:00:00,latest,/api/modules.html,1
2024-02-07 00:00:00,latest,/search.html,3
2024-02-07 00:00:00,stable,/changelog.html,4
2024-02-07 00:00:00,stable,/api/ipykernel.html,5
2024-02-07 00:00:00,latest,/api/ipykernel.html,9
2024-02-07 00:00:00,latest,/index.html,6
2024-02-07 00:00:00,stable,/index.html,20
2024-02-07 00:00:00,latest,/api/ipykernel.comm.html,5
2024-02-06 00:00:00,stable,/api/modules.html,2
2024-02-06 00:00:00,latest,/api/ipykernel.inprocess.html,3
2024-02-06 00:00:00,latest,/api/ipykernel.html,2
2024-02-06 00:00:00,stable,/index.html,8
2024-02-06 00:00:00,latest,/index.html,5
2024-02-06 00:00:00,latest,/changelog.html,1
2024-02-06 00:00:00,stable,/changelog.html,6
2024-02-06 00:00:00,stable,/api/ipykernel.html,3
2024-02-06 00:00:00,latest,/api/modules.html,1
2024-02-05 00:00:00,latest,/index.html,4
2024-02-05 00:00:00,latest,/api/ipykernel.html,3
2024-02-05 00:00:00,stable,/changelog.html,5
2024-02-05 00:00:00,stable,/genindex.html,1
2024-02-05 00:00:00,stable,/api/ipykernel.comm.html,1
2024-02-05 00:00:00,latest,/api/ipykernel.inprocess.html,1
2024-02-05 00:00:00,stable,/api/ipykernel.html,5
2024-02-05 00:00:00,stable,/search.html,7
2024-02-05 00:00:00,latest,/api/modules.html,1
2024-02-05 00:00:00,stable,/index.html,17
2024-02-05 00:00:00,stable,/api/modules.html,1
2024-02-04 00:00:00,stable,/api/ipykernel.comm.html,1
2024-02-04 00:00:00,stable,/api/modules.html,2
2024-02-04 00:00:00,stable,/search.html,1
2024-02-04 00:00:00,stable,/index.html,5
2024-02-04 00:00:00,latest,/index.html,2
2024-02-04 00:00:00,latest,/search.html,1
2024-02-04 00:00:00,stable,/api/ipykernel.html,1
2024-02-04 00:00:00,latest,/api/ipykernel.inprocess.html,1
2024-02-04 00:00:00,stable,/changelog.html,2
2024-02-03 00:00:00,latest,/api/ipykernel.html,1
2024-02-03 00:00:00,stable,/genindex.html,1
2024-02-03 00:00:00,latest,/changelog.html,1
2024-02-03 00:00:00,stable,/index.html,9
2024-02-03 00:00:00,stable,/changelog.html,1
2024-02-03 00:00:00,stable,/api/modules.html,1
2024-02-03 00:00:00,latest,/index.html,3
2024-02-02 00:00:00,stable,/changelog.html,1
2024-02-02 00:00:00,stable,/index.html,9
2024-02-02 00:00:00,stable,/api/ipykernel.inprocess.html,1
2024-02-02 00:00:00,latest,/api/ipykernel.html,3
2024-02-02 00:00:00,latest,/changelog.html,1
2024-02-02 00:00:00,latest,/index.html,8
2024-02-02 00:00:00,stable,/api/ipykernel.html,4
2024-02-02 00:00:00,latest,/search.html,2
2024-02-02 00:00:00,latest,/genindex.html,2
2024-02-02 00:00:00,stable,/py-modindex.html,1
2024-02-02 00:00:00,stable,/search.html,1
2024-02-02 00:00:00,stable,/api/modules.html,2
2024-02-01 00:00:00,latest,/api/modules.html,2
2024-02-01 00:00:00,stable,/changelog.html,6
2024-02-01 00:00:00,stable,/api/ipykernel.inprocess.html,1
2024-02-01 00:00:00,stable,/api/ipykernel.html,4
2024-02-01 00:00:00,latest,/py-modindex.html,1
2024-02-01 00:00:00,stable,/index.html,20
2024-02-01 00:00:00,latest,/changelog.html,2
2024-02-01 00:00:00,latest,/index.html,5
2024-02-01 00:00:00,stable,/api/modules.html,4
2024-02-01 00:00:00,stable,/py-modindex.html,1
2024-01-31 00:00:00,stable,/changelog.html,3
2024-01-31 00:00:00,latest,/api/modules.html,2
2024-01-31 00:00:00,stable,/api/ipykernel.html,5
2024-01-31 00:00:00,latest,/changelog.html,3
2024-01-31 00:00:00,latest,/index.html,9
2024-01-31 00:00:00,stable,/index.html,16
2024-01-31 00:00:00,latest,/api/ipykernel.html,2
2024-01-31 00:00:00,latest,/search.html,2
2024-01-31 00:00:00,stable,/search.html,4
2024-01-31 00:00:00,stable,/py-modindex.html,2
2024-01-31 00:00:00,stable,/api/ipykernel.inprocess.html,1
2024-01-31 00:00:00,stable,/api/modules.html,5
2024-01-30 00:00:00,stable,/api/ipykernel.html,3
2024-01-30 00:00:00,latest,/changelog.html,1
2024-01-30 00:00:00,stable,/index.html,13
2024-01-30 00:00:00,latest,/api/modules.html,3
2024-01-30 00:00:00,stable,/api/ipykernel.comm.html,1
2024-01-30 00:00:00,stable,/api/modules.html,1
2024-01-30 00:00:00,stable,/changelog.html,4
2024-01-30 00:00:00,latest,/api/ipykernel.html,3
2024-01-30 00:00:00,latest,/index.html,6
2024-01-29 00:00:00,stable,/api/ipykernel.html,8
2024-01-29 00:00:00,latest,/api/ipykernel.html,8
2024-01-29 00:00:00,latest,/index.html,6
2024-01-29 00:00:00,latest,/changelog.html,1
2024-01-29 00:00:00,stable,/index.html,12
2024-01-29 00:00:00,latest,/py-modindex.html,1
2024-01-29 00:00:00,latest,/api/modules.html,2
2024-01-29 00:00:00,stable,/api/modules.html,3
2024-01-29 00:00:00,stable,/changelog.html,4
2024-01-29 00:00:00,latest,/genindex.html,2
2024-01-29 00:00:00,latest,/api/ipykernel.comm.html,1
2024-01-28 00:00:00,latest,/changelog.html,1
2024-01-28 00:00:00,stable,/changelog.html,1
2024-01-28 00:00:00,latest,/index.html,2
2024-01-28 00:00:00,stable,/index.html,7
2024-01-28 00:00:00,stable,/api/ipykernel.html,1
2024-01-27 00:00:00,stable,/api/ipykernel.inprocess.html,1
2024-01-27 00:00:00,stable,/api/ipykernel.html,4
2024-01-27 00:00:00,latest,/api/ipykernel.comm.html,2
2024-01-27 00:00:00,stable,/index.html,2
2024-01-27 00:00:00,stable,/search.html,1
2024-01-26 00:00:00,stable,/index.html,10
2024-01-26 00:00:00,latest,/changelog.html,2
2024-01-26 00:00:00,stable,/api/ipykernel.html,4
2024-01-26 00:00:00,latest,/api/ipykernel.comm.html,1
2024-01-26 00:00:00,latest,/api/modules.html,4
2024-01-26 00:00:00,stable,/changelog.html,2
2024-01-26 00:00:00,latest,/index.html,4
2024-01-26 00:00:00,latest,/api/ipykernel.inprocess.html,1
2024-01-26 00:00:00,latest,/api/ipykernel.html,7
2024-01-25 00:00:00,latest,/api/ipykernel.html,3
2024-01-25 00:00:00,latest,/api/ipykernel.comm.html,4
2024-01-25 00:00:00,latest,/api/ipykernel.inprocess.html,1
2024-01-25 00:00:00,stable,/index.html,8
2024-01-25 00:00:00,latest,/genindex.html,2
2024-01-25 00:00:00,stable,/changelog.html,1
2024-01-25 00:00:00,latest,/api/modules.html,2
2024-01-25 00:00:00,latest,/changelog.html,1
2024-01-25 00:00:00,stable,/api/modules.html,1
2024-01-25 00:00:00,latest,/index.html,6
2024-01-25 00:00:00,stable,/api/ipykernel.html,6
2024-01-25 00:00:00,stable,/genindex.html,3
2024-01-25 00:00:00,latest,/py-modindex.html,1
2024-01-24 00:00:00,stable,/index.html,19
2024-01-24 00:00:00,latest,/index.html,5
2024-01-24 00:00:00,stable,/genindex.html,2
2024-01-24 00:00:00,stable,/api/ipykernel.html,14
2024-01-24 00:00:00,stable,/py-modindex.html,2
2024-01-24 00:00:00,latest,/search.html,1
2024-01-24 00:00:00,stable,/api/ipykernel.comm.html,3
2024-01-24 00:00:00,stable,/api/ipykernel.inprocess.html,3
2024-01-24 00:00:00,stable,/changelog.html,3
2024-01-24 00:00:00,stable,/api/modules.html,9
2024-01-24 00:00:00,latest,/changelog.html,2
2024-01-23 00:00:00,stable,/changelog.html,2
2024-01-23 00:00:00,stable,/search.html,1
2024-01-23 00:00:00,stable,/index.html,12
2024-01-23 00:00:00,latest,/index.html,4
2024-01-23 00:00:00,latest,/api/ipykernel.inprocess.html,1
2024-01-23 00:00:00,stable,/api/ipykernel.html,9
2024-01-23 00:00:00,stable,/api/modules.html,4
2024-01-23 00:00:00,stable,/api/ipykernel.comm.html,1
2024-01-22 00:00:00,stable,/api/ipykernel.comm.html,1
2024-01-22 00:00:00,stable,/py-modindex.html,1
2024-01-22 00:00:00,latest,/py-modindex.html,1
2024-01-22 00:00:00,stable,/api/ipykernel.html,4
2024-01-22 00:00:00,stable,/api/modules.html,3
2024-01-22 00:00:00,latest,/api/ipykernel.comm.html,1
2024-01-22 00:00:00,stable,/changelog.html,3
2024-01-22 00:00:00,stable,/genindex.html,1
2024-01-22 00:00:00,latest,/changelog.html,2
2024-01-22 00:00:00,latest,/api/modules.html,5
2024-01-22 00:00:00,latest,/index.html,5
2024-01-22 00:00:00,stable,/index.html,13
2024-01-21 00:00:00,stable,/api/ipykernel.html,2
2024-01-21 00:00:00,stable,/index.html,7
2024-01-21 00:00:00,latest,/py-modindex.html,2
2024-01-21 00:00:00,stable,/changelog.html,1
2024-01-21 00:00:00,latest,/api/ipykernel.comm.html,1
2024-01-21 00:00:00,stable,/api/modules.html,2
2024-01-20 00:00:00,latest,/api/ipykernel.html,1
2024-01-20 00:00:00,latest,/py-modindex.html,1
2024-01-20 00:00:00,stable,/api/ipykernel.html,1
2024-01-20 00:00:00,latest,/changelog.html,3
2024-01-20 00:00:00,stable,/api/ipykernel.inprocess.html,1
2024-01-20 00:00:00,latest,/index.html,7
2024-01-20 00:00:00,latest,/api/ipykernel.comm.html,1
2024-01-20 00:00:00,stable,/changelog.html,3
2024-01-20 00:00:00,latest,/api/modules.html,2
2024-01-20 00:00:00,stable,/index.html,9
2024-01-20 00:00:00,stable,/search.html,1
2024-01-19 00:00:00,latest,/py-modindex.html,1
2024-01-19 00:00:00,stable,/api/ipykernel.inprocess.html,1
2024-01-19 00:00:00,latest,/index.html,4
2024-01-19 00:00:00,latest,/api/modules.html,2
2024-01-19 00:00:00,latest,/api/ipykernel.html,2
2024-01-19 00:00:00,latest,/api/ipykernel.comm.html,1
2024-01-19 00:00:00,latest,/changelog.html,3
2024-01-19 00:00:00,stable,/api/ipykernel.html,5
2024-01-19 00:00:00,stable,/index.html,18
2024-01-19 00:00:00,stable,/api/modules.html,6
2024-01-19 00:00:00,stable,/changelog.html,4
2024-01-19 00:00:00,latest,/api/ipykernel.inprocess.html,1
2024-01-18 00:00:00,latest,/api/ipykernel.comm.html,1
2024-01-18 00:00:00,latest,/changelog.html,2
2024-01-18 00:00:00,latest,/index.html,9
2024-01-18 00:00:00,stable,/api/modules.html,4
2024-01-18 00:00:00,latest,/api/ipykernel.html,1
2024-01-18 00:00:00,stable,/index.html,12
2024-01-18 00:00:00,latest,/genindex.html,1
2024-01-18 00:00:00,stable,/changelog.html,2
2024-01-18 00:00:00,stable,/api/ipykernel.html,4
2024-01-18 00:00:00,latest,/api/modules.html,2
2024-01-17 00:00:00,stable,/genindex.html,2
2024-01-17 00:00:00,stable,/api/modules.html,5
2024-01-17 00:00:00,stable,/index.html,15
2024-01-17 00:00:00,stable,/api/ipykernel.html,3
2024-01-17 00:00:00,latest,/changelog.html,1
2024-01-17 00:00:00,stable,/api/ipykernel.inprocess.html,1
2024-01-17 00:00:00,latest,/api/ipykernel.inprocess.html,1
2024-01-17 00:00:00,stable,/changelog.html,9
2024-01-17 00:00:00,stable,/py-modindex.html,2
2024-01-17 00:00:00,latest,/index.html,5
2024-01-17 00:00:00,stable,/search.html,1
2024-01-16 00:00:00,latest,/index.html,8
2024-01-16 00:00:00,latest,/api/ipykernel.html,2
2024-01-16 00:00:00,stable,/py-modindex.html,1
2024-01-16 00:00:00,stable,/api/ipykernel.html,10
2024-01-16 00:00:00,stable,/search.html,1
2024-01-16 00:00:00,stable,/genindex.html,1
2024-01-16 00:00:00,latest,/changelog.html,4
2024-01-16 00:00:00,stable,/api/modules.html,3
2024-01-16 00:00:00,latest,/api/modules.html,1
2024-01-16 00:00:00,stable,/changelog.html,3
2024-01-16 00:00:00,stable,/index.html,13
2024-01-16 00:00:00,latest,/genindex.html,1
2024-01-15 00:00:00,stable,/index.html,16
2024-01-15 00:00:00,latest,/api/ipykernel.html,11
2024-01-15 00:00:00,latest,/api/ipykernel.inprocess.html,2
2024-01-15 00:00:00,stable,/api/ipykernel.inprocess.html,1
2024-01-15 00:00:00,latest,/changelog.html,4
2024-01-15 00:00:00,stable,/api/modules.html,3
2024-01-15 00:00:00,stable,/api/ipykernel.html,4
2024-01-15 00:00:00,latest,/api/ipykernel.comm.html,1
2024-01-15 00:00:00,latest,/index.html,8
2024-01-15 00:00:00,latest,/api/modules.html,5
2024-01-15 00:00:00,latest,/genindex.html,1
2024-01-15 00:00:00,stable,/changelog.html,6
2024-01-14 00:00:00,stable,/index.html,4
2024-01-14 00:00:00,stable,/changelog.html,1
2024-01-14 00:00:00,latest,/changelog.html,2
2024-01-14 00:00:00,latest,/index.html,3
2024-01-14 00:00:00,stable,/api/ipykernel.html,2
2024-01-13 00:00:00,latest,/index.html,1
2024-01-13 00:00:00,latest,/api/modules.html,2
2024-01-13 00:00:00,stable,/py-modindex.html,1
2024-01-13 00:00:00,stable,/genindex.html,1
2024-01-13 00:00:00,latest,/changelog.html,1
2024-01-13 00:00:00,latest,/py-modindex.html,1
2024-01-13 00:00:00,latest,/api/ipykernel.html,3
2024-01-13 00:00:00,stable,/api/ipykernel.html,1
2024-01-13 00:00:00,stable,/index.html,4
2024-01-12 00:00:00,stable,/api/ipykernel.inprocess.html,1
2024-01-12 00:00:00,latest,/changelog.html,3
2024-01-12 00:00:00,stable,/index.html,10
2024-01-12 00:00:00,stable,/api/modules.html,4
2024-01-12 00:00:00,stable,/api/ipykernel.html,5
2024-01-12 00:00:00,stable,/genindex.html,1
2024-01-12 00:00:00,latest,/index.html,6
2024-01-12 00:00:00,latest,/py-modindex.html,1
2024-01-11 00:00:00,stable,/changelog.html,4
2024-01-11 00:00:00,latest,/api/ipykernel.comm.html,2
2024-01-11 00:00:00,stable,/api/modules.html,4
2024-01-11 00:00:00,latest,/py-modindex.html,2
2024-01-11 00:00:00,latest,/api/modules.html,1
2024-01-11 00:00:00,latest,/index.html,6
2024-01-11 00:00:00,stable,/api/ipykernel.inprocess.html,1
2024-01-11 00:00:00,latest,/genindex.html,1
2024-01-11 00:00:00,stable,/api/ipykernel.html,4
2024-01-11 00:00:00,stable,/search.html,1
2024-01-11 00:00:00,stable,/index.html,13
2024-01-11 00:00:00,latest,/api/ipykernel.html,1
2024-01-10 00:00:00,stable,/genindex.html,1
2024-01-10 00:00:00,stable,/api/ipykernel.inprocess.html,1
2024-01-10 00:00:00,stable,/changelog.html,3
2024-01-10 00:00:00,stable,/api/modules.html,1
2024-01-10 00:00:00,latest,/api/modules.html,1
2024-01-10 00:00:00,stable,/api/ipykernel.html,1
2024-01-10 00:00:00,latest,/api/ipykernel.html,1
2024-01-10 00:00:00,latest,/changelog.html,1
2024-01-10 00:00:00,stable,/index.html,12
2024-01-10 00:00:00,latest,/py-modindex.html,2
2024-01-10 00:00:00,latest,/index.html,2
2024-01-09 00:00:00,stable,/api/ipykernel.comm.html,2
2024-01-09 00:00:00,stable,/genindex.html,2
2024-01-09 00:00:00,stable,/api/modules.html,2
2024-01-09 00:00:00,latest,/index.html,7
2024-01-09 00:00:00,latest,/api/ipykernel.comm.html,2
2024-01-09 00:00:00,stable,/changelog.html,4
2024-01-09 00:00:00,latest,/api/modules.html,4
2024-01-09 00:00:00,latest,/api/ipykernel.html,5
2024-01-09 00:00:00,latest,/py-modindex.html,2
2024-01-09 00:00:00,latest,/changelog.html,3
2024-01-09 00:00:00,stable,/index.html,15
2024-01-09 00:00:00,stable,/api/ipykernel.html,4
2024-01-08 00:00:00,latest,/index.html,10
2024-01-08 00:00:00,latest,/changelog.html,6
2024-01-08 00:00:00,stable,/api/modules.html,1
2024-01-08 00:00:00,stable,/index.html,10
2024-01-08 00:00:00,latest,/api/ipykernel.inprocess.html,1
2024-01-08 00:00:00,stable,/changelog.html,3
2024-01-08 00:00:00,latest,/api/modules.html,1
2024-01-08 00:00:00,stable,/api/ipykernel.comm.html,1
2024-01-08 00:00:00,stable,/api/ipykernel.html,5
2024-01-07 00:00:00,latest,/index.html,1
2024-01-07 00:00:00,stable,/api/modules.html,3
2024-01-07 00:00:00,stable,/changelog.html,2
2024-01-07 00:00:00,stable,/index.html,8
2024-01-07 00:00:00,stable,/api/ipykernel.html,6
2024-01-07 00:00:00,stable,/api/ipykernel.inprocess.html,2
2024-01-06 00:00:00,stable,/api/modules.html,3
2024-01-06 00:00:00,latest,/index.html,5
2024-01-06 00:00:00,latest,/changelog.html,2
2024-01-06 00:00:00,stable,/genindex.html,2
2024-01-06 00:00:00,latest,/genindex.html,1
2024-01-06 00:00:00,stable,/api/ipykernel.html,2
2024-01-06 00:00:00,stable,/api/ipykernel.comm.html,1
2024-01-06 00:00:00,stable,/search.html,1
2024-01-06 00:00:00,latest,/api/modules.html,2
2024-01-06 00:00:00,stable,/changelog.html,5
2024-01-06 00:00:00,stable,/index.html,12
2024-01-05 00:00:00,stable,/api/ipykernel.comm.html,1
2024-01-05 00:00:00,stable,/index.html,11
2024-01-05 00:00:00,latest,/index.html,4
2024-01-05 00:00:00,stable,/api/modules.html,2
2024-01-05 00:00:00,stable,/api/ipykernel.html,2
2024-01-05 00:00:00,latest,/api/ipykernel.html,2
2024-01-05 00:00:00,stable,/changelog.html,2
2024-01-04 00:00:00,latest,/api/modules.html,2
2024-01-04 00:00:00,stable,/api/modules.html,1
2024-01-04 00:00:00,latest,/api/ipykernel.html,2
2024-01-04 00:00:00,latest,/py-modindex.html,1
2024-01-04 00:00:00,stable,/changelog.html,2
2024-01-04 00:00:00,latest,/index.html,7
2024-01-04 00:00:00,stable,/index.html,13
2024-01-04 00:00:00,latest,/changelog.html,2
2024-01-04 00:00:00,stable,/api/ipykernel.html,5
2024-01-04 00:00:00,stable,/api/ipykernel.comm.html,1
2024-01-03 00:00:00,latest,/index.html,10
2024-01-03 00:00:00,stable,/search.html,1
2024-01-03 00:00:00,stable,/api/ipykernel.html,5
2024-01-03 00:00:00,latest,/search.html,1
2024-01-03 00:00:00,stable,/changelog.html,4
2024-01-03 00:00:00,latest,/api/ipykernel.html,5
2024-01-03 00:00:00,latest,/api/ipykernel.comm.html,1
2024-01-03 00:00:00,latest,/genindex.html,1
2024-01-03 00:00:00,latest,/api/modules.html,6
2024-01-03 00:00:00,latest,/py-modindex.html,1
2024-01-03 00:00:00,stable,/api/modules.html,1
2024-01-03 00:00:00,stable,/api/ipykernel.inprocess.html,1
2024-01-03 00:00:00,latest,/changelog.html,1
2024-01-03 00:00:00,stable,/index.html,15
2024-01-02 00:00:00,latest,/py-modindex.html,1
2024-01-02 00:00:00,latest,/index.html,2
2024-01-02 00:00:00,latest,/api/ipykernel.html,1
2024-01-02 00:00:00,latest,/changelog.html,4
2024-01-02 00:00:00,stable,/index.html,8
2024-01-02 00:00:00,stable,/api/ipykernel.html,9
2024-01-02 00:00:00,stable,/api/modules.html,6
2024-01-02 00:00:00,stable,/changelog.html,2
2024-01-02 00:00:00,latest,/api/modules.html,1
2024-01-01 00:00:00,latest,/py-modindex.html,1
2024-01-01 00:00:00,stable,/index.html,2
2024-01-01 00:00:00,stable,/changelog.html,1
2024-01-01 00:00:00,latest,/api/ipykernel.html,1
2024-01-01 00:00:00,latest,/index.html,3
2024-01-01 00:00:00,latest,/api/modules.html,3
2024-01-01 00:00:00,latest,/changelog.html,1
2024-01-01 00:00:00,stable,/api/ipykernel.html,3
2024-01-01 00:00:00,stable,/api/modules.html,1
2023-12-31 00:00:00,stable,/api/modules.html,2
2023-12-31 00:00:00,stable,/index.html,6
2023-12-31 00:00:00,stable,/api/ipykernel.inprocess.html,1
2023-12-31 00:00:00,stable,/api/ipykernel.html,4
2023-12-31 00:00:00,stable,/api/ipykernel.comm.html,2
2023-12-31 00:00:00,latest,/py-modindex.html,1
2023-12-31 00:00:00,latest,/changelog.html,3
2023-12-31 00:00:00,stable,/py-modindex.html,1
2023-12-31 00:00:00,stable,/genindex.html,1
2023-12-30 00:00:00,stable,/api/ipykernel.html,2
2023-12-30 00:00:00,latest,/changelog.html,2
2023-12-30 00:00:00,stable,/genindex.html,1
2023-12-30 00:00:00,latest,/index.html,3
2023-12-30 00:00:00,latest,/api/ipykernel.html,2
2023-12-30 00:00:00,stable,/index.html,4
2023-12-30 00:00:00,latest,/api/modules.html,2
2023-12-29 00:00:00,stable,/index.html,5
2023-12-29 00:00:00,stable,/api/ipykernel.html,2
2023-12-29 00:00:00,latest,/search.html,1
2023-12-29 00:00:00,stable,/py-modindex.html,1
2023-12-29 00:00:00,stable,/api/modules.html,3
2023-12-29 00:00:00,latest,/index.html,4
2023-12-28 00:00:00,stable,/index.html,9
2023-12-28 00:00:00,stable,/changelog.html,2
2023-12-28 00:00:00,latest,/api/ipykernel.comm.html,1
2023-12-28 00:00:00,latest,/api/ipykernel.html,1
2023-12-28 00:00:00,latest,/changelog.html,5
2023-12-28 00:00:00,latest,/api/modules.html,2
2023-12-28 00:00:00,latest,/index.html,5
2023-12-28 00:00:00,stable,/api/modules.html,1
2023-12-28 00:00:00,stable,/api/ipykernel.inprocess.html,1
2023-12-28 00:00:00,latest,/api/ipykernel.inprocess.html,1
2023-12-27 00:00:00,latest,/search.html,2
2023-12-27 00:00:00,latest,/index.html,5
2023-12-27 00:00:00,latest,/changelog.html,3
2023-12-27 00:00:00,stable,/changelog.html,2
2023-12-27 00:00:00,stable,/index.html,7
2023-12-27 00:00:00,stable,/api/ipykernel.html,2
2023-12-27 00:00:00,latest,/py-modindex.html,1
2023-12-27 00:00:00,stable,/api/modules.html,1
